n,structure,run,build_s,search_us,delete_us,memory_mb,height,rotations
1000,BST,1,0.001826,0.6801,2.0273,0.0566,22,0
1000,BST,2,0.000982,1.7900,2.1872,0.0566,22,0
1000,BST,3,0.000924,0.6745,1.2395,0.0566,22,0
1000,AVL,1,0.005772,0.9025,2.9304,0.0648,12,661
1000,AVL,2,0.004848,0.5552,2.4524,0.0648,12,661
1000,AVL,3,0.005631,0.9328,2.4929,0.0648,12,661
1000,Red-Black,1,0.002405,0.9779,3.9181,0.0726,12,570
1000,Red-Black,2,0.003759,0.9590,1.8950,0.0726,12,570
1000,Red-Black,3,0.001897,0.9958,1.3252,0.0726,12,570
1000,Splay,1,0.004508,4.1562,4.2754,0.0646,25,11515
1000,Splay,2,0.004025,3.6720,4.4826,0.0646,25,11515
1000,Splay,3,0.004114,3.7055,4.3648,0.0646,25,11515
10000,BST,1,0.013126,1.1600,1.6961,0.5605,29,0
10000,BST,2,0.018184,1.3525,1.7407,0.5605,29,0
10000,BST,3,0.019681,1.4641,1.7319,0.5605,29,0
10000,AVL,1,0.026766,0.5429,2.5415,0.6406,16,6981
10000,AVL,2,0.035144,0.9056,3.1919,0.6406,16,6981
10000,AVL,3,0.033857,0.7083,2.3268,0.6406,16,6981
10000,Red-Black,1,0.020907,0.8920,1.7445,0.7205,16,5941
10000,Red-Black,2,0.015576,0.7528,1.2253,0.7205,16,5941
10000,Red-Black,3,0.015861,0.5745,1.2789,0.7205,16,5941
10000,Splay,1,0.041380,5.5557,5.6383,0.6405,40,162000
10000,Splay,2,0.056886,5.0039,5.5706,0.6405,40,162000
10000,Splay,3,0.057556,4.8094,7.1420,0.6405,40,162000
100000,BST,1,0.230508,1.4218,1.7313,5.6004,37,0
100000,BST,2,0.151102,1.2239,2.1585,5.6004,37,0
100000,BST,3,0.139639,1.3656,1.6116,5.6004,37,0
100000,AVL,1,0.339742,0.8291,2.4249,6.4006,20,69554
100000,AVL,2,0.326075,0.9344,2.9943,6.4006,20,69554
100000,AVL,3,0.342798,0.9329,2.7639,6.4006,20,69554
100000,Red-Black,1,0.164249,1.0221,1.6649,7.2005,20,57966
100000,Red-Black,2,0.176104,0.9450,1.4224,7.2005,20,57966
100000,Red-Black,3,0.167401,1.0815,1.5228,7.2005,20,57966
100000,Splay,1,0.537828,5.7878,6.9982,6.4005,46,2105904
100000,Splay,2,0.551013,5.7446,7.0169,6.4005,46,2105904
100000,Splay,3,0.570290,5.6870,6.7173,6.4005,46,2105904
1000000,BST,1,2.655581,3.0358,3.7070,56.0004,50,0
1000000,BST,2,2.776461,2.8814,3.6674,56.0004,50,0
1000000,BST,3,2.541495,2.7586,3.5688,56.0004,50,0
1000000,AVL,1,5.245137,2.3188,4.8535,64.0006,24,697902
1000000,AVL,2,4.744279,2.2275,4.9680,64.0006,24,697902
1000000,AVL,3,4.762213,2.2676,5.6071,64.0006,24,697902
1000000,Red-Black,1,2.795649,2.2656,3.7852,72.0004,24,582387
1000000,Red-Black,2,2.882148,2.2783,3.3609,72.0004,24,582387
1000000,Red-Black,3,2.930994,2.6100,3.2445,72.0004,24,582387
1000000,Splay,1,10.365667,20.2182,23.2100,64.0004,53,25879801
1000000,Splay,2,13.173728,15.1184,25.0613,64.0004,53,25879801
1000000,Splay,3,13.238764,8.9329,12.2691,64.0004,53,25879801
10000000,BST,1,47.018319,4.9648,5.8346,560.0004,59,0
10000000,BST,2,45.642221,7.9874,8.7365,560.0004,59,0
10000000,BST,3,56.908462,8.9882,7.8953,560.0004,59,0
10000000,AVL,1,107.291240,6.8527,12.8884,640.0005,28,6984104
10000000,AVL,2,121.537432,7.2850,13.9622,640.0005,28,6984104
10000000,AVL,3,92.727747,6.6070,6.6412,640.0005,28,6984104
10000000,Red-Black,1,68.139481,6.8212,6.9725,720.0004,28,5826735
10000000,Red-Black,2,84.324455,6.1075,7.9610,720.0004,28,5826735
10000000,Red-Black,3,72.452561,4.0397,7.3566,720.0004,28,5826735
10000000,Splay,1,188.120981,21.2699,20.5810,640.0004,63,307051665
10000000,Splay,2,172.064775,21.7723,36.7733,640.0004,63,307051665
10000000,Splay,3,156.775181,13.4540,17.2657,640.0004,63,307051665
